{"tbg": 1674958113.7534342, "te": 1675044503.098499}