{"tbg": 1675059220.7569876, "te": 1675145619.241348}