{"tbg": 1675301211.652588, "te": 1675387601.5003223}