{"te": 1674869913.5211966, "tbg": 1674783518.198368}