{"tbg": 1674971727.7624793, "te": 1675058105.6099248}