{"tbg": 1675259750.5221198, "te": 1675346122.3494024}